Address,Name,Phone Number,Security Number
Maggio Ways-344 Dandre Freeway Suite 685,Gianni Schneider,^sddd-dddd$,126j
Rutherford Lane-465 Dietrich Ferry Suite 592,Angeline Swaniawski,^+ds-ddd-dddd$,266l
Funk Village-02968 Isabell Valley Apt. 171,Payton Nitzsche PhD,^sddd.dddd$,229a
Jaquan Forges-86539 Shanahan Estates Suite 927,Lisa Vandervort,^?dddsddd-dddd$,229o
Hugh Freeway-813 Paolo Drive Apt. 632,Miss Sigurd Ratke,^+dds?ddd-ddd-dddd$,319j
Cole Lakes-9324 Mikel Orchard Suite 147,Johnathan Barton II,^?dddsddd.dddd$,167r
Franecki Parks-0227 Una Drive Apt. 125,Tobin Spinka,^sddd-dddd$,377n
Considine Terrace-69707 Leffler Dale Apt. 368,Glenda Treutel,^.ddd.dddd$,459e
Strosin Via-02974 Crooks Ferry Suite 580,Reginald Ortiz,^.ddd.dddd$,527r
Hegmann Pines-9191 Hazle Mill Suite 606,Aditya Davis,^-dddsdddd$,136p
Russel Station-424 Janelle Plaza Apt. 146,Max Cronin,^?dddsdddsdddd$,506o
Toy Flats-45773 Brown Run Apt. 885,Franz Moore,^.ddd.dddd$,365h
Hand View-812 Nettie Parks Suite 045,Yesenia Reynolds,^+dds-ddd.dddd$,245j
Kira Ways-4910 Cheyenne Inlet Apt. 439,Stephanie Murazik,^?ddd-ddd-dddd$,209o
Freida Fort-42099 Gutkowski Views Suite 391,Burnice Greenfelder,^+dds-dddsdddd$,006n
